{"cameraMode":{"drawMode":0,"name":"Shaded","section":"Shading Mode"},"sceneLighting":false,"audioPlay":false,"sceneViewState":{"showFog":true,"showMaterialUpdate":false,"showSkybox":true,"showFlares":true,"showImageEffects":true,"showParticleSystems":true},"in2DMode":false,"pivot":{"x":-0.1133289784193039,"y":-0.013483375310897828,"z":0.34290605783462527},"rotation":{"x":-0.7255328893661499,"y":-0.0016542888479307294,"z":0.0017430854495614768,"w":-0.68818598985672},"size":0.47772157192230227,"orthographic":false}